{
  "name" : "Panqura",
  "slug" : null,
  "description" : "Sample data annotation for the Panqura project.",
  "mode" : "ANNOTATION",
  "version" : 1,
  "source_documents" : [ {
    "name" : "afrika_kontinentale_gesundheitsorganisation_gegen_pandemien_geplant.txt",
    "format" : "text",
    "state" : "ANNOTATION_IN_PROGRESS",
    "timestamp" : null,
    "created" : 1644180830820,
    "updated" : 1644181804673
  }, {
    "name" : "Almost_one-third_of_older_adults_develop_new_conditions_after_COVID-19en.txt",
    "format" : "text",
    "state" : "ANNOTATION_IN_PROGRESS",
    "timestamp" : null,
    "created" : 1645103424978,
    "updated" : 1645103544072
  }, {
    "name" : "auswaertiges-amt.de_de_quarantaene-einreise.txt",
    "format" : "text",
    "state" : "ANNOTATION_IN_PROGRESS",
    "timestamp" : null,
    "created" : 1643880224032,
    "updated" : 1649231564244
  }, {
    "name" : "Corona-ArbSchV.txt",
    "format" : "text",
    "state" : "ANNOTATION_IN_PROGRESS",
    "timestamp" : null,
    "created" : 1643880224144,
    "updated" : 1643899472361
  }, {
    "name" : "coronavirus.sachsen-anhalt.de.txt",
    "format" : "text",
    "state" : "ANNOTATION_IN_PROGRESS",
    "timestamp" : null,
    "created" : 1643880224193,
    "updated" : 1646920744440
  }, {
    "name" : "COVID19-Zaesur_Beitrag_Neff.txt",
    "format" : "text",
    "state" : "ANNOTATION_IN_PROGRESS",
    "timestamp" : null,
    "created" : 1643880224350,
    "updated" : 1643881683939
  }, {
    "name" : "covid_test_tweets.txt",
    "format" : "text",
    "state" : "ANNOTATION_IN_PROGRESS",
    "timestamp" : null,
    "created" : 1644180164237,
    "updated" : 1645018416481
  }, {
    "name" : "deutschland_bleibt_bei_corona-einschraenkungen_-_andere_lockern.txt",
    "format" : "text",
    "state" : "ANNOTATION_IN_PROGRESS",
    "timestamp" : null,
    "created" : 1644180696170,
    "updated" : 1648113027438
  }, {
    "name" : "die_fdp_draengt_auf_schnelle_lockerungen__rot-gruen_und_die_union_bremsen.txt",
    "format" : "text",
    "state" : "ANNOTATION_IN_PROGRESS",
    "timestamp" : null,
    "created" : 1644180710356,
    "updated" : 1645018887481
  }, {
    "name" : "gms_medizin_roesner.txt",
    "format" : "text",
    "state" : "ANNOTATION_IN_PROGRESS",
    "timestamp" : null,
    "created" : 1643880224405,
    "updated" : 1646909445643
  }, {
    "name" : "reisewarnungen_anlaesslich_der_covid-19-pandemie.txt",
    "format" : "text",
    "state" : "ANNOTATION_IN_PROGRESS",
    "timestamp" : null,
    "created" : 1644180176441,
    "updated" : 1649232354436
  }, {
    "name" : "rki_17_2020.txt",
    "format" : "text",
    "state" : "ANNOTATION_IN_PROGRESS",
    "timestamp" : null,
    "created" : 1643880224444,
    "updated" : 1648131603316
  }, {
    "name" : "tweet10.txt",
    "format" : "text",
    "state" : "ANNOTATION_IN_PROGRESS",
    "timestamp" : null,
    "created" : 1643880224605,
    "updated" : 1648124794014
  }, {
    "name" : "tweet11.txt",
    "format" : "text",
    "state" : "ANNOTATION_IN_PROGRESS",
    "timestamp" : null,
    "created" : 1649412379053,
    "updated" : 1649413990784
  }, {
    "name" : "tweet12.txt",
    "format" : "text",
    "state" : "ANNOTATION_IN_PROGRESS",
    "timestamp" : null,
    "created" : 1649412379158,
    "updated" : 1649415162719
  }, {
    "name" : "tweet13.txt",
    "format" : "text",
    "state" : "ANNOTATION_IN_PROGRESS",
    "timestamp" : null,
    "created" : 1649413969007,
    "updated" : 1649415280672
  }, {
    "name" : "tweet14.txt",
    "format" : "text",
    "state" : "ANNOTATION_IN_PROGRESS",
    "timestamp" : null,
    "created" : 1649412379214,
    "updated" : 1649415620386
  }, {
    "name" : "tweet15.txt",
    "format" : "text",
    "state" : "ANNOTATION_IN_PROGRESS",
    "timestamp" : null,
    "created" : 1649412379253,
    "updated" : 1649416244978
  }, {
    "name" : "tweet16.txt",
    "format" : "text",
    "state" : "ANNOTATION_IN_PROGRESS",
    "timestamp" : null,
    "created" : 1649412379299,
    "updated" : 1649416319966
  }, {
    "name" : "tweet17.txt",
    "format" : "text",
    "state" : "ANNOTATION_IN_PROGRESS",
    "timestamp" : null,
    "created" : 1649412379328,
    "updated" : 1649416375718
  }, {
    "name" : "tweet18.txt",
    "format" : "text",
    "state" : "ANNOTATION_IN_PROGRESS",
    "timestamp" : null,
    "created" : 1649412379361,
    "updated" : 1649417121094
  }, {
    "name" : "tweet19.txt",
    "format" : "text",
    "state" : "ANNOTATION_IN_PROGRESS",
    "timestamp" : null,
    "created" : 1649412379421,
    "updated" : 1649417340840
  }, {
    "name" : "Tweet20.txt",
    "format" : "text",
    "state" : "ANNOTATION_IN_PROGRESS",
    "timestamp" : null,
    "created" : 1649412379453,
    "updated" : 1649838094337
  }, {
    "name" : "Tweet21.txt",
    "format" : "text",
    "state" : "ANNOTATION_IN_PROGRESS",
    "timestamp" : null,
    "created" : 1649412379484,
    "updated" : 1649838191371
  }, {
    "name" : "Tweet22.txt",
    "format" : "text",
    "state" : "ANNOTATION_IN_PROGRESS",
    "timestamp" : null,
    "created" : 1649412379515,
    "updated" : 1649838327161
  }, {
    "name" : "Tweet23.txt",
    "format" : "text",
    "state" : "ANNOTATION_IN_PROGRESS",
    "timestamp" : null,
    "created" : 1649412379560,
    "updated" : 1649838965117
  }, {
    "name" : "Tweet24.txt",
    "format" : "text",
    "state" : "ANNOTATION_IN_PROGRESS",
    "timestamp" : null,
    "created" : 1649412379591,
    "updated" : 1649839349359
  }, {
    "name" : "Tweet25.txt",
    "format" : "text",
    "state" : "ANNOTATION_IN_PROGRESS",
    "timestamp" : null,
    "created" : 1649412379623,
    "updated" : 1649840312580
  }, {
    "name" : "tweet26.txt",
    "format" : "text",
    "state" : "ANNOTATION_IN_PROGRESS",
    "timestamp" : null,
    "created" : 1649412379662,
    "updated" : 1649417813192
  }, {
    "name" : "tweet27.txt",
    "format" : "text",
    "state" : "ANNOTATION_IN_PROGRESS",
    "timestamp" : null,
    "created" : 1649412379698,
    "updated" : 1649417839472
  }, {
    "name" : "tweet28.txt",
    "format" : "text",
    "state" : "ANNOTATION_IN_PROGRESS",
    "timestamp" : null,
    "created" : 1649412379727,
    "updated" : 1649417914679
  }, {
    "name" : "tweet29.txt",
    "format" : "text",
    "state" : "ANNOTATION_IN_PROGRESS",
    "timestamp" : null,
    "created" : 1649412379761,
    "updated" : 1649418006544
  }, {
    "name" : "tweet30.txt",
    "format" : "text",
    "state" : "ANNOTATION_IN_PROGRESS",
    "timestamp" : null,
    "created" : 1649412379827,
    "updated" : 1649418081536
  }, {
    "name" : "tweet4.txt",
    "format" : "text",
    "state" : "ANNOTATION_IN_PROGRESS",
    "timestamp" : null,
    "created" : 1643880224549,
    "updated" : 1648125382174
  }, {
    "name" : "tweet5.txt",
    "format" : "text",
    "state" : "ANNOTATION_IN_PROGRESS",
    "timestamp" : null,
    "created" : 1643880224562,
    "updated" : 1648125456312
  }, {
    "name" : "tweet6.txt",
    "format" : "text",
    "state" : "ANNOTATION_IN_PROGRESS",
    "timestamp" : null,
    "created" : 1643880224574,
    "updated" : 1648131854414
  }, {
    "name" : "tweet8.txt",
    "format" : "text",
    "state" : "ANNOTATION_IN_PROGRESS",
    "timestamp" : null,
    "created" : 1643880224584,
    "updated" : 1648131993035
  }, {
    "name" : "tweet9.txt",
    "format" : "text",
    "state" : "ANNOTATION_IN_PROGRESS",
    "timestamp" : null,
    "created" : 1643880224595,
    "updated" : 1648132033774
  } ],
  "annotation_documents" : [ {
    "name" : "Corona-ArbSchV.txt",
    "user" : "Lina",
    "state" : "IN_PROGRESS",
    "timestamp" : 1643899472343,
    "annotatorState" : "IN_PROGRESS",
    "sentence_accessed" : 0,
    "created" : 1643899472225,
    "updated" : 1643899472344
  }, {
    "name" : "COVID19-Zaesur_Beitrag_Neff.txt",
    "user" : "Lina",
    "state" : "IN_PROGRESS",
    "timestamp" : 1645016261215,
    "annotatorState" : "IN_PROGRESS",
    "sentence_accessed" : 0,
    "created" : 1643881683775,
    "updated" : 1645016261215
  }, {
    "name" : "covid_test_tweets.txt",
    "user" : "Lina",
    "state" : "IN_PROGRESS",
    "timestamp" : 1646920842127,
    "annotatorState" : "IN_PROGRESS",
    "sentence_accessed" : 0,
    "created" : 1645018416377,
    "updated" : 1646920842128
  }, {
    "name" : "afrika_kontinentale_gesundheitsorganisation_gegen_pandemien_geplant.txt",
    "user" : "Konstantin",
    "state" : "IN_PROGRESS",
    "timestamp" : 1645107815740,
    "annotatorState" : "IN_PROGRESS",
    "sentence_accessed" : 0,
    "created" : 1645107815704,
    "updated" : 1645107815741
  }, {
    "name" : "die_fdp_draengt_auf_schnelle_lockerungen__rot-gruen_und_die_union_bremsen.txt",
    "user" : "Konstantin",
    "state" : "IN_PROGRESS",
    "timestamp" : 1645108218577,
    "annotatorState" : "IN_PROGRESS",
    "sentence_accessed" : 0,
    "created" : 1645108218541,
    "updated" : 1645108218578
  }, {
    "name" : "die_fdp_draengt_auf_schnelle_lockerungen__rot-gruen_und_die_union_bremsen.txt",
    "user" : "Lina",
    "state" : "IN_PROGRESS",
    "timestamp" : 1645108271753,
    "annotatorState" : "IN_PROGRESS",
    "sentence_accessed" : 0,
    "created" : 1645018887433,
    "updated" : 1645108271753
  }, {
    "name" : "afrika_kontinentale_gesundheitsorganisation_gegen_pandemien_geplant.txt",
    "user" : "Lina",
    "state" : "IN_PROGRESS",
    "timestamp" : 1645109397326,
    "annotatorState" : "IN_PROGRESS",
    "sentence_accessed" : 0,
    "created" : 1644181804589,
    "updated" : 1645109397327
  }, {
    "name" : "Almost_one-third_of_older_adults_develop_new_conditions_after_COVID-19en.txt",
    "user" : "Lina",
    "state" : "IN_PROGRESS",
    "timestamp" : 1648206419056,
    "annotatorState" : "IN_PROGRESS",
    "sentence_accessed" : 0,
    "created" : 1645103544000,
    "updated" : 1648206419057
  }, {
    "name" : "gms_medizin_roesner.txt",
    "user" : "Melina",
    "state" : "IN_PROGRESS",
    "timestamp" : 1646909445522,
    "annotatorState" : "IN_PROGRESS",
    "sentence_accessed" : 0,
    "created" : 1646909445288,
    "updated" : 1646909445533
  }, {
    "name" : "coronavirus.sachsen-anhalt.de.txt",
    "user" : "Lina",
    "state" : "IN_PROGRESS",
    "timestamp" : 1646920744375,
    "annotatorState" : "IN_PROGRESS",
    "sentence_accessed" : 0,
    "created" : 1646920744062,
    "updated" : 1646920744376
  }, {
    "name" : "deutschland_bleibt_bei_corona-einschraenkungen_-_andere_lockern.txt",
    "user" : "Melina",
    "state" : "IN_PROGRESS",
    "timestamp" : 1649235615355,
    "annotatorState" : "IN_PROGRESS",
    "sentence_accessed" : 0,
    "created" : 1648113027160,
    "updated" : 1649235615355
  }, {
    "name" : "die_fdp_draengt_auf_schnelle_lockerungen__rot-gruen_und_die_union_bremsen.txt",
    "user" : "Melina",
    "state" : "IN_PROGRESS",
    "timestamp" : 1648124746325,
    "annotatorState" : "IN_PROGRESS",
    "sentence_accessed" : 0,
    "created" : 1648123192248,
    "updated" : 1648124746326
  }, {
    "name" : "tweet10.txt",
    "user" : "Melina",
    "state" : "IN_PROGRESS",
    "timestamp" : 1650440341212,
    "annotatorState" : "IN_PROGRESS",
    "sentence_accessed" : 0,
    "created" : 1648124793884,
    "updated" : 1650440341212
  }, {
    "name" : "tweet4.txt",
    "user" : "Melina",
    "state" : "IN_PROGRESS",
    "timestamp" : 1649232497475,
    "annotatorState" : "IN_PROGRESS",
    "sentence_accessed" : 0,
    "created" : 1648125381954,
    "updated" : 1649232497475
  }, {
    "name" : "tweet5.txt",
    "user" : "Melina",
    "state" : "IN_PROGRESS",
    "timestamp" : 1649232549331,
    "annotatorState" : "IN_PROGRESS",
    "sentence_accessed" : 0,
    "created" : 1648125456190,
    "updated" : 1649232549332
  }, {
    "name" : "rki_17_2020.txt",
    "user" : "Melina",
    "state" : "IN_PROGRESS",
    "timestamp" : 1648131603293,
    "annotatorState" : "IN_PROGRESS",
    "sentence_accessed" : 0,
    "created" : 1648131603209,
    "updated" : 1648131603293
  }, {
    "name" : "tweet6.txt",
    "user" : "Melina",
    "state" : "IN_PROGRESS",
    "timestamp" : 1649232610438,
    "annotatorState" : "IN_PROGRESS",
    "sentence_accessed" : 0,
    "created" : 1648131854309,
    "updated" : 1649232610438
  }, {
    "name" : "tweet8.txt",
    "user" : "Melina",
    "state" : "IN_PROGRESS",
    "timestamp" : 1650440111636,
    "annotatorState" : "IN_PROGRESS",
    "sentence_accessed" : 0,
    "created" : 1648131992932,
    "updated" : 1650440111636
  }, {
    "name" : "tweet9.txt",
    "user" : "Melina",
    "state" : "IN_PROGRESS",
    "timestamp" : 1650440266517,
    "annotatorState" : "IN_PROGRESS",
    "sentence_accessed" : 0,
    "created" : 1648132033648,
    "updated" : 1650440266517
  }, {
    "name" : "Almost_one-third_of_older_adults_develop_new_conditions_after_COVID-19en.txt",
    "user" : "Melina",
    "state" : "IN_PROGRESS",
    "timestamp" : 1649231536565,
    "annotatorState" : "IN_PROGRESS",
    "sentence_accessed" : 0,
    "created" : 1649231536400,
    "updated" : 1649231536566
  }, {
    "name" : "COVID19-Zaesur_Beitrag_Neff.txt",
    "user" : "Melina",
    "state" : "IN_PROGRESS",
    "timestamp" : 1649231542119,
    "annotatorState" : "IN_PROGRESS",
    "sentence_accessed" : 0,
    "created" : 1649231542048,
    "updated" : 1649231542120
  }, {
    "name" : "Corona-ArbSchV.txt",
    "user" : "Melina",
    "state" : "IN_PROGRESS",
    "timestamp" : 1649231555535,
    "annotatorState" : "IN_PROGRESS",
    "sentence_accessed" : 0,
    "created" : 1649231555449,
    "updated" : 1649231555535
  }, {
    "name" : "afrika_kontinentale_gesundheitsorganisation_gegen_pandemien_geplant.txt",
    "user" : "Melina",
    "state" : "IN_PROGRESS",
    "timestamp" : 1649231558461,
    "annotatorState" : "IN_PROGRESS",
    "sentence_accessed" : 0,
    "created" : 1649231558390,
    "updated" : 1649231558461
  }, {
    "name" : "auswaertiges-amt.de_de_quarantaene-einreise.txt",
    "user" : "Melina",
    "state" : "IN_PROGRESS",
    "timestamp" : 1649231564210,
    "annotatorState" : "IN_PROGRESS",
    "sentence_accessed" : 0,
    "created" : 1649231564141,
    "updated" : 1649231564211
  }, {
    "name" : "coronavirus.sachsen-anhalt.de.txt",
    "user" : "Melina",
    "state" : "IN_PROGRESS",
    "timestamp" : 1649231565201,
    "annotatorState" : "IN_PROGRESS",
    "sentence_accessed" : 0,
    "created" : 1649231565076,
    "updated" : 1649231565201
  }, {
    "name" : "covid_test_tweets.txt",
    "user" : "Melina",
    "state" : "IN_PROGRESS",
    "timestamp" : 1649234692256,
    "annotatorState" : "IN_PROGRESS",
    "sentence_accessed" : 0,
    "created" : 1649231566047,
    "updated" : 1649234692256
  }, {
    "name" : "reisewarnungen_anlaesslich_der_covid-19-pandemie.txt",
    "user" : "Melina",
    "state" : "IN_PROGRESS",
    "timestamp" : 1649232354397,
    "annotatorState" : "IN_PROGRESS",
    "sentence_accessed" : 0,
    "created" : 1649232354323,
    "updated" : 1649232354398
  }, {
    "name" : "covid_test_tweets.txt",
    "user" : "Konstantin",
    "state" : "IN_PROGRESS",
    "timestamp" : 1649236529705,
    "annotatorState" : "IN_PROGRESS",
    "sentence_accessed" : 0,
    "created" : 1649236529598,
    "updated" : 1649236529706
  }, {
    "name" : "tweet11.txt",
    "user" : "Melina",
    "state" : "IN_PROGRESS",
    "timestamp" : 1649414326203,
    "annotatorState" : "IN_PROGRESS",
    "sentence_accessed" : 0,
    "created" : 1649413990699,
    "updated" : 1649414326204
  }, {
    "name" : "tweet12.txt",
    "user" : "Melina",
    "state" : "IN_PROGRESS",
    "timestamp" : 1649415265807,
    "annotatorState" : "IN_PROGRESS",
    "sentence_accessed" : 0,
    "created" : 1649415162500,
    "updated" : 1649415265807
  }, {
    "name" : "tweet13.txt",
    "user" : "Melina",
    "state" : "IN_PROGRESS",
    "timestamp" : 1649415324082,
    "annotatorState" : "IN_PROGRESS",
    "sentence_accessed" : 0,
    "created" : 1649415280561,
    "updated" : 1649415324082
  }, {
    "name" : "tweet14.txt",
    "user" : "Melina",
    "state" : "IN_PROGRESS",
    "timestamp" : 1649416955987,
    "annotatorState" : "IN_PROGRESS",
    "sentence_accessed" : 0,
    "created" : 1649415620255,
    "updated" : 1649416955988
  }, {
    "name" : "tweet15.txt",
    "user" : "Melina",
    "state" : "IN_PROGRESS",
    "timestamp" : 1649416285854,
    "annotatorState" : "IN_PROGRESS",
    "sentence_accessed" : 0,
    "created" : 1649416244873,
    "updated" : 1649416285854
  }, {
    "name" : "tweet16.txt",
    "user" : "Melina",
    "state" : "IN_PROGRESS",
    "timestamp" : 1649416916933,
    "annotatorState" : "IN_PROGRESS",
    "sentence_accessed" : 0,
    "created" : 1649416319848,
    "updated" : 1649416916934
  }, {
    "name" : "tweet17.txt",
    "user" : "Melina",
    "state" : "IN_PROGRESS",
    "timestamp" : 1649416851460,
    "annotatorState" : "IN_PROGRESS",
    "sentence_accessed" : 0,
    "created" : 1649416375625,
    "updated" : 1649416851460
  }, {
    "name" : "tweet18.txt",
    "user" : "Melina",
    "state" : "IN_PROGRESS",
    "timestamp" : 1649417321826,
    "annotatorState" : "IN_PROGRESS",
    "sentence_accessed" : 0,
    "created" : 1649417120969,
    "updated" : 1649417321826
  }, {
    "name" : "tweet19.txt",
    "user" : "Melina",
    "state" : "IN_PROGRESS",
    "timestamp" : 1649417404122,
    "annotatorState" : "IN_PROGRESS",
    "sentence_accessed" : 0,
    "created" : 1649417340730,
    "updated" : 1649417404122
  }, {
    "name" : "tweet26.txt",
    "user" : "Melina",
    "state" : "IN_PROGRESS",
    "timestamp" : 1649417834943,
    "annotatorState" : "IN_PROGRESS",
    "sentence_accessed" : 0,
    "created" : 1649417813030,
    "updated" : 1649417834943
  }, {
    "name" : "tweet27.txt",
    "user" : "Melina",
    "state" : "IN_PROGRESS",
    "timestamp" : 1649417902396,
    "annotatorState" : "IN_PROGRESS",
    "sentence_accessed" : 0,
    "created" : 1649417839389,
    "updated" : 1649417902396
  }, {
    "name" : "tweet28.txt",
    "user" : "Melina",
    "state" : "IN_PROGRESS",
    "timestamp" : 1649417990562,
    "annotatorState" : "IN_PROGRESS",
    "sentence_accessed" : 0,
    "created" : 1649417914567,
    "updated" : 1649417990562
  }, {
    "name" : "tweet29.txt",
    "user" : "Melina",
    "state" : "IN_PROGRESS",
    "timestamp" : 1649418031714,
    "annotatorState" : "IN_PROGRESS",
    "sentence_accessed" : 0,
    "created" : 1649418006467,
    "updated" : 1649418031714
  }, {
    "name" : "tweet30.txt",
    "user" : "Melina",
    "state" : "IN_PROGRESS",
    "timestamp" : 1649418111263,
    "annotatorState" : "IN_PROGRESS",
    "sentence_accessed" : 0,
    "created" : 1649418081393,
    "updated" : 1649418111263
  }, {
    "name" : "Tweet20.txt",
    "user" : "Melina",
    "state" : "IN_PROGRESS",
    "timestamp" : 1649838189306,
    "annotatorState" : "IN_PROGRESS",
    "sentence_accessed" : 0,
    "created" : 1649838094138,
    "updated" : 1649838189306
  }, {
    "name" : "Tweet21.txt",
    "user" : "Melina",
    "state" : "IN_PROGRESS",
    "timestamp" : 1649838313237,
    "annotatorState" : "IN_PROGRESS",
    "sentence_accessed" : 0,
    "created" : 1649838191250,
    "updated" : 1649838313237
  }, {
    "name" : "Tweet22.txt",
    "user" : "Melina",
    "state" : "IN_PROGRESS",
    "timestamp" : 1649838959139,
    "annotatorState" : "IN_PROGRESS",
    "sentence_accessed" : 0,
    "created" : 1649838327070,
    "updated" : 1649838959139
  }, {
    "name" : "Tweet23.txt",
    "user" : "Melina",
    "state" : "IN_PROGRESS",
    "timestamp" : 1649839345866,
    "annotatorState" : "IN_PROGRESS",
    "sentence_accessed" : 0,
    "created" : 1649838965027,
    "updated" : 1649839345866
  }, {
    "name" : "Tweet24.txt",
    "user" : "Melina",
    "state" : "IN_PROGRESS",
    "timestamp" : 1649839532263,
    "annotatorState" : "IN_PROGRESS",
    "sentence_accessed" : 0,
    "created" : 1649839349249,
    "updated" : 1649839532263
  }, {
    "name" : "Tweet25.txt",
    "user" : "Melina",
    "state" : "IN_PROGRESS",
    "timestamp" : 1649840875481,
    "annotatorState" : "IN_PROGRESS",
    "sentence_accessed" : 0,
    "created" : 1649840312372,
    "updated" : 1649840875481
  } ],
  "project_permissions" : [ {
    "level" : "ADMIN",
    "user" : "Konstantin"
  }, {
    "level" : "CURATOR",
    "user" : "Konstantin"
  }, {
    "level" : "USER",
    "user" : "Konstantin"
  }, {
    "level" : "ADMIN",
    "user" : "Lina"
  }, {
    "level" : "CURATOR",
    "user" : "Lina"
  }, {
    "level" : "USER",
    "user" : "Lina"
  }, {
    "level" : "ADMIN",
    "user" : "Melina"
  }, {
    "level" : "CURATOR",
    "user" : "Melina"
  }, {
    "level" : "USER",
    "user" : "Melina"
  } ],
  "tag_sets" : [ {
    "name" : "Answer Categories",
    "description" : "Categories of answers",
    "language" : null,
    "tags" : [ {
      "tag_name" : "Adjective Phrase",
      "tag_description" : "Example: second-largest"
    }, {
      "tag_name" : "Clause",
      "tag_description" : "to avoid trivialization"
    }, {
      "tag_name" : "Common Noun Phrase",
      "tag_description" : "example: property damage"
    }, {
      "tag_name" : "Date",
      "tag_description" : "example: 19 October 1512"
    }, {
      "tag_name" : "Location",
      "tag_description" : "example: Germany"
    }, {
      "tag_name" : "Other",
      "tag_description" : "example: quietly"
    }, {
      "tag_name" : "Other Entity",
      "tag_description" : "example: ABC Sports"
    }, {
      "tag_name" : "Other Numeric",
      "tag_description" : "example: 12"
    }, {
      "tag_name" : "Person",
      "tag_description" : "example: Thomas Coke"
    }, {
      "tag_name" : "Verb Phrase",
      "tag_description" : "example: returned to Earth"
    } ],
    "create_tag" : false
  }, {
    "name" : "Answer Scope",
    "description" : "For the QuestionAnswering-Layer, defines scope of an answer: Answer is the shortest answer in the text, Context is most often the paragraph in which the Answer was detected.",
    "language" : null,
    "tags" : [ {
      "tag_name" : "Answer",
      "tag_description" : null
    }, {
      "tag_name" : "Context",
      "tag_description" : null
    } ],
    "create_tag" : false
  }, {
    "name" : "Coreference mentions",
    "description" : "coreference type annotation",
    "language" : "de",
    "tags" : [ {
      "tag_name" : "nam",
      "tag_description" : "nam"
    } ],
    "create_tag" : false
  }, {
    "name" : "Coreference relations",
    "description" : "coreference relation annotation",
    "language" : "de",
    "tags" : [ {
      "tag_name" : "anaphoric",
      "tag_description" : "anaphoric"
    } ],
    "create_tag" : false
  }, {
    "name" : "credible",
    "description" : "It marks single segments as having either high (1) or low (0) credibility, or not defiined.",
    "language" : null,
    "tags" : [ {
      "tag_name" : "high-credibility",
      "tag_description" : null
    }, {
      "tag_name" : "low-credibility",
      "tag_description" : null
    }, {
      "tag_name" : "none",
      "tag_description" : "no judgement possible"
    } ],
    "create_tag" : false
  }, {
    "name" : "Dependency flavors",
    "description" : "Dependency flavors",
    "language" : "mul",
    "tags" : [ {
      "tag_name" : "basic",
      "tag_description" : "basic"
    }, {
      "tag_name" : "enhanced",
      "tag_description" : "enhanced"
    } ],
    "create_tag" : false
  }, {
    "name" : "Named Entity tags",
    "description" : "Named Entity annotation",
    "language" : "de",
    "tags" : [ {
      "tag_name" : "LOC",
      "tag_description" : "Location"
    }, {
      "tag_name" : "LOCderiv",
      "tag_description" : "Location derivative"
    }, {
      "tag_name" : "LOCpart",
      "tag_description" : "Hyphenated part is location"
    }, {
      "tag_name" : "ORG",
      "tag_description" : "Organization"
    }, {
      "tag_name" : "ORGderiv",
      "tag_description" : "Organization derivative"
    }, {
      "tag_name" : "ORGpart",
      "tag_description" : "Hyphenated part is organization"
    }, {
      "tag_name" : "OTH",
      "tag_description" : "Other: Every name that is not a location, person or organisation"
    }, {
      "tag_name" : "OTHderiv",
      "tag_description" : "Other derivative"
    }, {
      "tag_name" : "OTHpart",
      "tag_description" : "Hyphenated part is Other"
    }, {
      "tag_name" : "PER",
      "tag_description" : "Person"
    }, {
      "tag_name" : "PERderiv",
      "tag_description" : "Person derivative"
    }, {
      "tag_name" : "PERpart",
      "tag_description" : "Hyphenated part is person"
    } ],
    "create_tag" : false
  }, {
    "name" : "Named Entity tags OpeNER",
    "description" : "It marks spans of tokens as belonging to one of the 4 classes described in OpeNER.\r\n\r\nUnnamed Entities: Entities without a name are not annotated in this layer.\r\n\r\nCoreferences through pronouns or other pointers (\"\") are not resolved in this layer. Therefore, they do not get annotated as entities, due to our policy on Unnamed Entities.",
    "language" : null,
    "tags" : [ {
      "tag_name" : "Location",
      "tag_description" : null
    }, {
      "tag_name" : "Miscellaneous",
      "tag_description" : null
    }, {
      "tag_name" : "Organization",
      "tag_description" : null
    }, {
      "tag_name" : "Person",
      "tag_description" : null
    } ],
    "create_tag" : false
  }, {
    "name" : "Operation",
    "description" : "operation to be done with specified in tokenIDs token/tokens in order to correct",
    "language" : "en",
    "tags" : [ {
      "tag_name" : "delete",
      "tag_description" : "delete"
    }, {
      "tag_name" : "insert_after",
      "tag_description" : "insert after"
    }, {
      "tag_name" : "insert_before",
      "tag_description" : "insert before"
    }, {
      "tag_name" : "replace",
      "tag_description" : "replace"
    } ],
    "create_tag" : false
  }, {
    "name" : "Polarity values",
    "description" : null,
    "language" : null,
    "tags" : [ {
      "tag_name" : "negative",
      "tag_description" : null
    }, {
      "tag_name" : "neutral",
      "tag_description" : null
    }, {
      "tag_name" : "positive",
      "tag_description" : null
    } ],
    "create_tag" : false
  }, {
    "name" : "Political Bias",
    "description" : "It marks single tokens as belonging to one of the 5 classes.",
    "language" : null,
    "tags" : [ {
      "tag_name" : "center",
      "tag_description" : null
    }, {
      "tag_name" : "center-left",
      "tag_description" : null
    }, {
      "tag_name" : "center-right",
      "tag_description" : null
    }, {
      "tag_name" : "far-left",
      "tag_description" : null
    }, {
      "tag_name" : "far-right",
      "tag_description" : null
    }, {
      "tag_name" : "none",
      "tag_description" : "no judgement possible"
    } ],
    "create_tag" : false
  }, {
    "name" : "UD POS Tags spacy",
    "description" : "https://github.com/explosion/spaCy/blob/master/spacy/glossary.py",
    "language" : null,
    "tags" : [ {
      "tag_name" : "ADJ",
      "tag_description" : null
    }, {
      "tag_name" : "ADP",
      "tag_description" : null
    }, {
      "tag_name" : "ADV",
      "tag_description" : null
    }, {
      "tag_name" : "AUX",
      "tag_description" : null
    }, {
      "tag_name" : "CCONJ",
      "tag_description" : null
    }, {
      "tag_name" : "CONJ",
      "tag_description" : null
    }, {
      "tag_name" : "DET",
      "tag_description" : null
    }, {
      "tag_name" : "EOL",
      "tag_description" : null
    }, {
      "tag_name" : "INTJ",
      "tag_description" : null
    }, {
      "tag_name" : "NOUN",
      "tag_description" : null
    }, {
      "tag_name" : "NUM",
      "tag_description" : null
    }, {
      "tag_name" : "PART",
      "tag_description" : null
    }, {
      "tag_name" : "PRON",
      "tag_description" : null
    }, {
      "tag_name" : "PROPN",
      "tag_description" : null
    }, {
      "tag_name" : "PUNCT",
      "tag_description" : null
    }, {
      "tag_name" : "SCONJ",
      "tag_description" : null
    }, {
      "tag_name" : "SPACE",
      "tag_description" : null
    }, {
      "tag_name" : "SYM",
      "tag_description" : null
    }, {
      "tag_name" : "VERB",
      "tag_description" : null
    }, {
      "tag_name" : "X",
      "tag_description" : null
    } ],
    "create_tag" : false
  }, {
    "name" : "UD Universal Dependencies (v2)",
    "description" : "The idea of universal dependencies is to propose a set of universal grammatical relations which can be used with relative fidelity to capture any dependency relation between words in any language. Each dependency relation should be typed with one of the relations in the table below.\r\n\r\nThe following table lists the 37 universal syntactic relations used in UD v2. It is a revised version of the relations originally described in Universal Stanford Dependencies: A cross-linguistic typology (de Marneffe et al. 2014).\r\n\r\n© 2014-2017 Universal Dependencies contributors.\r\n\r\nSee also: https://universaldependencies.org/u/dep/index.html",
    "language" : "mul",
    "tags" : [ {
      "tag_name" : "acl",
      "tag_description" : "clausal modifier of noun (adjectival clause)"
    }, {
      "tag_name" : "advcl",
      "tag_description" : "adverbial clause modifier"
    }, {
      "tag_name" : "advmod",
      "tag_description" : "adverbial modifier"
    }, {
      "tag_name" : "amod",
      "tag_description" : "adjectival modifier"
    }, {
      "tag_name" : "appos",
      "tag_description" : "appositional modifier"
    }, {
      "tag_name" : "aux",
      "tag_description" : "auxiliary"
    }, {
      "tag_name" : "case",
      "tag_description" : "case marking"
    }, {
      "tag_name" : "cc",
      "tag_description" : "coordinating conjunction"
    }, {
      "tag_name" : "ccomp",
      "tag_description" : "clausal complement"
    }, {
      "tag_name" : "clf",
      "tag_description" : "classifier"
    }, {
      "tag_name" : "compound",
      "tag_description" : "compound"
    }, {
      "tag_name" : "conj",
      "tag_description" : "conjunct"
    }, {
      "tag_name" : "cop",
      "tag_description" : "copula"
    }, {
      "tag_name" : "csubj",
      "tag_description" : "clausal subject"
    }, {
      "tag_name" : "dep",
      "tag_description" : "unspecified dependency"
    }, {
      "tag_name" : "det",
      "tag_description" : "determiner"
    }, {
      "tag_name" : "discourse",
      "tag_description" : "discourse element"
    }, {
      "tag_name" : "dislocated",
      "tag_description" : "dislocated elements"
    }, {
      "tag_name" : "expl",
      "tag_description" : "expletive"
    }, {
      "tag_name" : "fixed",
      "tag_description" : "fixed multiword expression"
    }, {
      "tag_name" : "flat",
      "tag_description" : "flat multiword expression"
    }, {
      "tag_name" : "goeswith",
      "tag_description" : "goes with"
    }, {
      "tag_name" : "iobj",
      "tag_description" : "indirect object"
    }, {
      "tag_name" : "list",
      "tag_description" : "list"
    }, {
      "tag_name" : "mark",
      "tag_description" : "marker"
    }, {
      "tag_name" : "nmod",
      "tag_description" : "nominal modifier"
    }, {
      "tag_name" : "nsubj",
      "tag_description" : "nominal subject"
    }, {
      "tag_name" : "nummod",
      "tag_description" : "numeric modifier"
    }, {
      "tag_name" : "obj",
      "tag_description" : "object"
    }, {
      "tag_name" : "obl",
      "tag_description" : "oblique nominal"
    }, {
      "tag_name" : "orphan",
      "tag_description" : "orphan"
    }, {
      "tag_name" : "parataxis",
      "tag_description" : "parataxis"
    }, {
      "tag_name" : "punct",
      "tag_description" : "punctuation"
    }, {
      "tag_name" : "reparandum",
      "tag_description" : "overridden disfluency"
    }, {
      "tag_name" : "root",
      "tag_description" : "root"
    }, {
      "tag_name" : "vocative",
      "tag_description" : "vocative"
    }, {
      "tag_name" : "xcomp",
      "tag_description" : "open clausal complement"
    } ],
    "create_tag" : false
  }, {
    "name" : "UD Universal POS tags (v2)",
    "description" : "These tags mark the core part-of-speech categories from the Universal Dependencies project. To distinguish additional lexical and grammatical properties of words, use the universal features.\r\n\r\n© 2017 Universal Dependencies contributors\r\n\r\nSee: https://universaldependencies.org/u/pos/index.html",
    "language" : "mul",
    "tags" : [ {
      "tag_name" : "ADJ",
      "tag_description" : "adjective"
    }, {
      "tag_name" : "ADP",
      "tag_description" : "adposition"
    }, {
      "tag_name" : "ADV",
      "tag_description" : "adverb"
    }, {
      "tag_name" : "AUX",
      "tag_description" : "auxiliary"
    }, {
      "tag_name" : "CCONJ",
      "tag_description" : "coordinating conjunction"
    }, {
      "tag_name" : "DET",
      "tag_description" : "determiner"
    }, {
      "tag_name" : "INTJ",
      "tag_description" : "interjection"
    }, {
      "tag_name" : "NOUN",
      "tag_description" : "noun"
    }, {
      "tag_name" : "NUM",
      "tag_description" : "numeral"
    }, {
      "tag_name" : "PART",
      "tag_description" : "particle"
    }, {
      "tag_name" : "PRON",
      "tag_description" : "pronoun"
    }, {
      "tag_name" : "PROPN",
      "tag_description" : "proper noun"
    }, {
      "tag_name" : "PUNCT",
      "tag_description" : "punctuation"
    }, {
      "tag_name" : "SCONJ",
      "tag_description" : "subordinating conjunction"
    }, {
      "tag_name" : "SYM",
      "tag_description" : "symbol"
    }, {
      "tag_name" : "VERB",
      "tag_description" : "verb"
    }, {
      "tag_name" : "X",
      "tag_description" : "other"
    } ],
    "create_tag" : false
  } ],
  "layers" : [ {
    "name" : "de.tudarmstadt.ukp.dkpro.core.api.syntax.type.chunk.Chunk",
    "features" : [ {
      "name" : "chunkValue",
      "tag_set" : null,
      "uiName" : "Tag",
      "type" : "uima.cas.String",
      "enabled" : true,
      "visible" : true,
      "include_in_hover" : false,
      "required" : false,
      "remember" : false,
      "hideUnconstraintFeature" : false,
      "description" : "Chunk tag",
      "project_name" : "Panqura",
      "multi_value_mode" : "NONE",
      "link_mode" : "NONE",
      "link_type_name" : null,
      "link_type_role_feature_name" : null,
      "link_type_target_feature_name" : null,
      "traits" : "{\"multipleRows\":false,\"dynamicSize\":false,\"collapsedRows\":1,\"expandedRows\":1,\"editorType\":\"AUTO\",\"keyBindings\":[]}",
      "curatable" : true
    } ],
    "uiName" : "Chunk",
    "type" : "span",
    "description" : null,
    "enabled" : true,
    "built_in" : true,
    "readonly" : false,
    "attach_type" : null,
    "attach_feature" : null,
    "allow_stacking" : false,
    "cross_sentence" : false,
    "show_hover" : true,
    "anchoring_mode" : "TOKENS",
    "overlap_mode" : "NO_OVERLAP",
    "validation_mode" : "ALWAYS",
    "lock_to_token_offset" : false,
    "multiple_tokens" : true,
    "project_name" : "Panqura",
    "linked_list_behavior" : false,
    "on_click_javascript_action" : null,
    "traits" : "{\"coloringRules\":{\"rules\":[]}}"
  }, {
    "name" : "de.tudarmstadt.ukp.dkpro.core.api.coref.type.Coreference",
    "features" : [ {
      "name" : "referenceRelation",
      "tag_set" : {
        "name" : "Coreference relations",
        "description" : null,
        "language" : null,
        "tags" : [ ],
        "create_tag" : false
      },
      "uiName" : "referenceRelation",
      "type" : "uima.cas.String",
      "enabled" : true,
      "visible" : true,
      "include_in_hover" : false,
      "required" : false,
      "remember" : false,
      "hideUnconstraintFeature" : false,
      "description" : "Coreference relation",
      "project_name" : "Panqura",
      "multi_value_mode" : "NONE",
      "link_mode" : "NONE",
      "link_type_name" : null,
      "link_type_role_feature_name" : null,
      "link_type_target_feature_name" : null,
      "traits" : null,
      "curatable" : true
    }, {
      "name" : "referenceType",
      "tag_set" : {
        "name" : "Coreference mentions",
        "description" : null,
        "language" : null,
        "tags" : [ ],
        "create_tag" : false
      },
      "uiName" : "referenceType",
      "type" : "uima.cas.String",
      "enabled" : true,
      "visible" : true,
      "include_in_hover" : false,
      "required" : false,
      "remember" : false,
      "hideUnconstraintFeature" : false,
      "description" : "Coreference type",
      "project_name" : "Panqura",
      "multi_value_mode" : "NONE",
      "link_mode" : "NONE",
      "link_type_name" : null,
      "link_type_role_feature_name" : null,
      "link_type_target_feature_name" : null,
      "traits" : null,
      "curatable" : true
    } ],
    "uiName" : "Coreference",
    "type" : "chain",
    "description" : null,
    "enabled" : true,
    "built_in" : true,
    "readonly" : false,
    "attach_type" : null,
    "attach_feature" : null,
    "allow_stacking" : true,
    "cross_sentence" : true,
    "show_hover" : true,
    "anchoring_mode" : "TOKENS",
    "overlap_mode" : "ANY_OVERLAP",
    "validation_mode" : "ALWAYS",
    "lock_to_token_offset" : false,
    "multiple_tokens" : true,
    "project_name" : "Panqura",
    "linked_list_behavior" : false,
    "on_click_javascript_action" : null,
    "traits" : null
  }, {
    "name" : "de.tudarmstadt.ukp.dkpro.core.api.syntax.type.dependency.Dependency",
    "features" : [ {
      "name" : "flavor",
      "tag_set" : {
        "name" : "Dependency flavors",
        "description" : null,
        "language" : null,
        "tags" : [ ],
        "create_tag" : false
      },
      "uiName" : "Flavor",
      "type" : "uima.cas.String",
      "enabled" : true,
      "visible" : true,
      "include_in_hover" : false,
      "required" : false,
      "remember" : false,
      "hideUnconstraintFeature" : false,
      "description" : "Dependency relation",
      "project_name" : "Panqura",
      "multi_value_mode" : "NONE",
      "link_mode" : "NONE",
      "link_type_name" : null,
      "link_type_role_feature_name" : null,
      "link_type_target_feature_name" : null,
      "traits" : null,
      "curatable" : true
    }, {
      "name" : "DependencyType",
      "tag_set" : {
        "name" : "UD Universal Dependencies (v2)",
        "description" : null,
        "language" : null,
        "tags" : [ ],
        "create_tag" : false
      },
      "uiName" : "Relation",
      "type" : "uima.cas.String",
      "enabled" : true,
      "visible" : true,
      "include_in_hover" : false,
      "required" : false,
      "remember" : false,
      "hideUnconstraintFeature" : false,
      "description" : "Dependency relation",
      "project_name" : "Panqura",
      "multi_value_mode" : "NONE",
      "link_mode" : "NONE",
      "link_type_name" : null,
      "link_type_role_feature_name" : null,
      "link_type_target_feature_name" : null,
      "traits" : null,
      "curatable" : true
    } ],
    "uiName" : "Dependency",
    "type" : "relation",
    "description" : null,
    "enabled" : true,
    "built_in" : true,
    "readonly" : false,
    "attach_type" : {
      "name" : "de.tudarmstadt.ukp.dkpro.core.api.segmentation.type.Token"
    },
    "attach_feature" : {
      "name" : "pos",
      "layer" : "de.tudarmstadt.ukp.dkpro.core.api.segmentation.type.Token"
    },
    "allow_stacking" : false,
    "cross_sentence" : false,
    "show_hover" : true,
    "anchoring_mode" : "SINGLE_TOKEN",
    "overlap_mode" : "OVERLAP_ONLY",
    "validation_mode" : "ALWAYS",
    "lock_to_token_offset" : true,
    "multiple_tokens" : false,
    "project_name" : "Panqura",
    "linked_list_behavior" : false,
    "on_click_javascript_action" : null,
    "traits" : null
  }, {
    "name" : "de.tudarmstadt.ukp.dkpro.core.api.segmentation.type.Lemma",
    "features" : [ {
      "name" : "value",
      "tag_set" : null,
      "uiName" : "Lemma",
      "type" : "uima.cas.String",
      "enabled" : true,
      "visible" : true,
      "include_in_hover" : false,
      "required" : false,
      "remember" : false,
      "hideUnconstraintFeature" : false,
      "description" : "lemma Annotation",
      "project_name" : "Panqura",
      "multi_value_mode" : "NONE",
      "link_mode" : "NONE",
      "link_type_name" : null,
      "link_type_role_feature_name" : null,
      "link_type_target_feature_name" : null,
      "traits" : null,
      "curatable" : true
    } ],
    "uiName" : "Lemma",
    "type" : "span",
    "description" : null,
    "enabled" : true,
    "built_in" : true,
    "readonly" : false,
    "attach_type" : {
      "name" : "de.tudarmstadt.ukp.dkpro.core.api.segmentation.type.Token"
    },
    "attach_feature" : {
      "name" : "lemma",
      "layer" : "de.tudarmstadt.ukp.dkpro.core.api.segmentation.type.Token"
    },
    "allow_stacking" : false,
    "cross_sentence" : false,
    "show_hover" : true,
    "anchoring_mode" : "SINGLE_TOKEN",
    "overlap_mode" : "NO_OVERLAP",
    "validation_mode" : "ALWAYS",
    "lock_to_token_offset" : true,
    "multiple_tokens" : false,
    "project_name" : "Panqura",
    "linked_list_behavior" : false,
    "on_click_javascript_action" : null,
    "traits" : null
  }, {
    "name" : "de.tudarmstadt.ukp.dkpro.core.api.lexmorph.type.morph.MorphologicalFeatures",
    "features" : [ {
      "name" : "value",
      "tag_set" : null,
      "uiName" : "Features",
      "type" : "uima.cas.String",
      "enabled" : true,
      "visible" : false,
      "include_in_hover" : false,
      "required" : false,
      "remember" : false,
      "hideUnconstraintFeature" : false,
      "description" : "Morphological features",
      "project_name" : "Panqura",
      "multi_value_mode" : "NONE",
      "link_mode" : "NONE",
      "link_type_name" : null,
      "link_type_role_feature_name" : null,
      "link_type_target_feature_name" : null,
      "traits" : null,
      "curatable" : true
    } ],
    "uiName" : "Morphological features",
    "type" : "span",
    "description" : null,
    "enabled" : true,
    "built_in" : true,
    "readonly" : false,
    "attach_type" : {
      "name" : "de.tudarmstadt.ukp.dkpro.core.api.segmentation.type.Token"
    },
    "attach_feature" : {
      "name" : "morph",
      "layer" : "de.tudarmstadt.ukp.dkpro.core.api.segmentation.type.Token"
    },
    "allow_stacking" : false,
    "cross_sentence" : false,
    "show_hover" : true,
    "anchoring_mode" : "SINGLE_TOKEN",
    "overlap_mode" : "NO_OVERLAP",
    "validation_mode" : "ALWAYS",
    "lock_to_token_offset" : true,
    "multiple_tokens" : false,
    "project_name" : "Panqura",
    "linked_list_behavior" : false,
    "on_click_javascript_action" : null,
    "traits" : null
  }, {
    "name" : "de.tudarmstadt.ukp.dkpro.core.api.ner.type.NamedEntity",
    "features" : [ {
      "name" : "identifier",
      "tag_set" : null,
      "uiName" : "identifier",
      "type" : "kb:<ANY>",
      "enabled" : true,
      "visible" : true,
      "include_in_hover" : false,
      "required" : false,
      "remember" : false,
      "hideUnconstraintFeature" : false,
      "description" : "Linked entity",
      "project_name" : "Panqura",
      "multi_value_mode" : "NONE",
      "link_mode" : "NONE",
      "link_type_name" : null,
      "link_type_role_feature_name" : null,
      "link_type_target_feature_name" : null,
      "traits" : null,
      "curatable" : true
    }, {
      "name" : "value",
      "tag_set" : {
        "name" : "Named Entity tags OpeNER",
        "description" : null,
        "language" : null,
        "tags" : [ ],
        "create_tag" : false
      },
      "uiName" : "Named Entity Type",
      "type" : "uima.cas.String",
      "enabled" : true,
      "visible" : true,
      "include_in_hover" : false,
      "required" : false,
      "remember" : false,
      "hideUnconstraintFeature" : false,
      "description" : "Unnamed Entities: Entities without a name are not annotated in this layer.\r\n\r\nCoreferences through pronouns or other pointers (\"\") are not resolved in this layer. Therefore, they do not get annotated as entities, due to our policy on Unnamed Entities.",
      "project_name" : "Panqura",
      "multi_value_mode" : "NONE",
      "link_mode" : "NONE",
      "link_type_name" : null,
      "link_type_role_feature_name" : null,
      "link_type_target_feature_name" : null,
      "traits" : "{\"multipleRows\":false,\"dynamicSize\":false,\"collapsedRows\":1,\"expandedRows\":1,\"editorType\":\"AUTO\",\"keyBindings\":[]}",
      "curatable" : true
    } ],
    "uiName" : "Named Entity",
    "type" : "span",
    "description" : "It marks spans of tokens as belonging to one of the 4 classes described in OpeNER.\r\nUnnamed Entities: Entities without a name are not annotated in this layer.\r\nCoreferences through pronouns or other pointers (\"\") are not resolved in this layer. Therefore, they do not get annotated as entities, due to our policy on Unnamed Entities.",
    "enabled" : true,
    "built_in" : true,
    "readonly" : false,
    "attach_type" : null,
    "attach_feature" : null,
    "allow_stacking" : false,
    "cross_sentence" : true,
    "show_hover" : true,
    "anchoring_mode" : "TOKENS",
    "overlap_mode" : "NO_OVERLAP",
    "validation_mode" : "ALWAYS",
    "lock_to_token_offset" : false,
    "multiple_tokens" : true,
    "project_name" : "Panqura",
    "linked_list_behavior" : false,
    "on_click_javascript_action" : null,
    "traits" : "{\"coloringRules\":{\"rules\":[]}}"
  }, {
    "name" : "webanno.custom.NamedEntityRelation",
    "features" : [ {
      "name" : "identifier",
      "tag_set" : null,
      "uiName" : "identifier",
      "type" : "kb:<ANY>",
      "enabled" : true,
      "visible" : true,
      "include_in_hover" : false,
      "required" : false,
      "remember" : false,
      "hideUnconstraintFeature" : false,
      "description" : "We use a subset of Wikidata properties.",
      "project_name" : "Panqura",
      "multi_value_mode" : "NONE",
      "link_mode" : "NONE",
      "link_type_name" : null,
      "link_type_role_feature_name" : null,
      "link_type_target_feature_name" : null,
      "traits" : "{\"repositoryId\":\"pid-5-kbid-4\",\"scope\":null,\"allowedValueType\":\"ANY_OBJECT\",\"keyBindings\":[{\"keyCombo\":\"ctrl f\",\"value\":\"http://www.wikidata.org/entity/P155\"},{\"keyCombo\":\"ctrl p\",\"value\":\"http://www.wikidata.org/entity/P361\"},{\"keyCombo\":\"ctrl c\",\"value\":\"http://www.wikidata.org/entity/P495\"},{\"keyCombo\":\"alt p\",\"value\":\"http://www.wikidata.org/entity/P527\"},{\"keyCombo\":\"ctrl t\",\"value\":\"http://www.wikidata.org/entity/P582\"},{\"keyCombo\":\"alt t\",\"value\":\"http://www.wikidata.org/entity/P580\"},{\"keyCombo\":\"ctrl j\",\"value\":\"http://www.wikidata.org/entity/P1001\"},{\"keyCombo\":\"ctrl i\",\"value\":\"http://www.wikidata.org/entity/P737\"},{\"keyCombo\":\"ctrl b\",\"value\":\"http://www.wikidata.org/entity/P3433\"},{\"keyCombo\":\"ctrl s\",\"value\":\"http://www.wikidata.org/entity/P5973\"},{\"keyCombo\":\"alt s\",\"value\":\"http://www.wikidata.org/entity/P780\"},{\"keyCombo\":\"alt c\",\"value\":\"http://www.wikidata.org/entity/P828\"},{\"keyCombo\":\"ctrl d\",\"value\":\"http://www.wikidata.org/entity/P2047\"}]}",
      "curatable" : true
    } ],
    "uiName" : "Named Entity Relation",
    "type" : "relation",
    "description" : "The relation layer points to a WikiData property.",
    "enabled" : true,
    "built_in" : false,
    "readonly" : false,
    "attach_type" : {
      "name" : "de.tudarmstadt.ukp.dkpro.core.api.ner.type.NamedEntity"
    },
    "attach_feature" : null,
    "allow_stacking" : true,
    "cross_sentence" : true,
    "show_hover" : true,
    "anchoring_mode" : "TOKENS",
    "overlap_mode" : "ANY_OVERLAP",
    "validation_mode" : "ALWAYS",
    "lock_to_token_offset" : false,
    "multiple_tokens" : true,
    "project_name" : "Panqura",
    "linked_list_behavior" : false,
    "on_click_javascript_action" : null,
    "traits" : "{\"coloringRules\":{\"rules\":[]},\"renderArcs\":true}"
  }, {
    "name" : "de.tudarmstadt.ukp.dkpro.core.api.transform.type.SofaChangeAnnotation",
    "features" : [ {
      "name" : "value",
      "tag_set" : null,
      "uiName" : "Correction",
      "type" : "uima.cas.String",
      "enabled" : true,
      "visible" : true,
      "include_in_hover" : false,
      "required" : false,
      "remember" : false,
      "hideUnconstraintFeature" : false,
      "description" : "Correct this token using the specified operation.",
      "project_name" : "Panqura",
      "multi_value_mode" : "NONE",
      "link_mode" : "NONE",
      "link_type_name" : null,
      "link_type_role_feature_name" : null,
      "link_type_target_feature_name" : null,
      "traits" : null,
      "curatable" : true
    }, {
      "name" : "operation",
      "tag_set" : {
        "name" : "Operation",
        "description" : null,
        "language" : null,
        "tags" : [ ],
        "create_tag" : false
      },
      "uiName" : "Operation",
      "type" : "uima.cas.String",
      "enabled" : true,
      "visible" : false,
      "include_in_hover" : false,
      "required" : true,
      "remember" : false,
      "hideUnconstraintFeature" : false,
      "description" : "An operation taken to change this token.",
      "project_name" : "Panqura",
      "multi_value_mode" : "NONE",
      "link_mode" : "NONE",
      "link_type_name" : null,
      "link_type_role_feature_name" : null,
      "link_type_target_feature_name" : null,
      "traits" : null,
      "curatable" : true
    } ],
    "uiName" : "Orthography Correction",
    "type" : "span",
    "description" : null,
    "enabled" : true,
    "built_in" : true,
    "readonly" : false,
    "attach_type" : null,
    "attach_feature" : null,
    "allow_stacking" : false,
    "cross_sentence" : false,
    "show_hover" : true,
    "anchoring_mode" : "SINGLE_TOKEN",
    "overlap_mode" : "NO_OVERLAP",
    "validation_mode" : "ALWAYS",
    "lock_to_token_offset" : true,
    "multiple_tokens" : false,
    "project_name" : "Panqura",
    "linked_list_behavior" : false,
    "on_click_javascript_action" : null,
    "traits" : null
  }, {
    "name" : "de.tudarmstadt.ukp.dkpro.core.api.lexmorph.type.pos.POS",
    "features" : [ {
      "name" : "coarseValue",
      "tag_set" : {
        "name" : "UD POS Tags spacy",
        "description" : null,
        "language" : null,
        "tags" : [ ],
        "create_tag" : false
      },
      "uiName" : "UPOS",
      "type" : "uima.cas.String",
      "enabled" : true,
      "visible" : true,
      "include_in_hover" : false,
      "required" : false,
      "remember" : false,
      "hideUnconstraintFeature" : false,
      "description" : "Universal part-of-speech tag",
      "project_name" : "Panqura",
      "multi_value_mode" : "NONE",
      "link_mode" : "NONE",
      "link_type_name" : null,
      "link_type_role_feature_name" : null,
      "link_type_target_feature_name" : null,
      "traits" : "{\"multipleRows\":false,\"dynamicSize\":false,\"collapsedRows\":1,\"expandedRows\":1,\"editorType\":\"AUTO\",\"keyBindings\":[]}",
      "curatable" : true
    }, {
      "name" : "PosValue",
      "tag_set" : null,
      "uiName" : "XPOS",
      "type" : "uima.cas.String",
      "enabled" : true,
      "visible" : true,
      "include_in_hover" : false,
      "required" : false,
      "remember" : false,
      "hideUnconstraintFeature" : false,
      "description" : "Language-specific part-of-speech tag",
      "project_name" : "Panqura",
      "multi_value_mode" : "NONE",
      "link_mode" : "NONE",
      "link_type_name" : null,
      "link_type_role_feature_name" : null,
      "link_type_target_feature_name" : null,
      "traits" : "{\"multipleRows\":false,\"dynamicSize\":false,\"collapsedRows\":1,\"expandedRows\":1,\"editorType\":\"AUTO\",\"keyBindings\":[]}",
      "curatable" : true
    } ],
    "uiName" : "Part of speech",
    "type" : "span",
    "description" : null,
    "enabled" : true,
    "built_in" : true,
    "readonly" : false,
    "attach_type" : {
      "name" : "de.tudarmstadt.ukp.dkpro.core.api.segmentation.type.Token"
    },
    "attach_feature" : {
      "name" : "pos",
      "layer" : "de.tudarmstadt.ukp.dkpro.core.api.segmentation.type.Token"
    },
    "allow_stacking" : false,
    "cross_sentence" : false,
    "show_hover" : true,
    "anchoring_mode" : "SINGLE_TOKEN",
    "overlap_mode" : "NO_OVERLAP",
    "validation_mode" : "ALWAYS",
    "lock_to_token_offset" : true,
    "multiple_tokens" : false,
    "project_name" : "Panqura",
    "linked_list_behavior" : false,
    "on_click_javascript_action" : null,
    "traits" : null
  }, {
    "name" : "webanno.custom.Question",
    "features" : [ {
      "name" : "Question",
      "tag_set" : null,
      "uiName" : "Question",
      "type" : "uima.cas.String",
      "enabled" : true,
      "visible" : true,
      "include_in_hover" : false,
      "required" : false,
      "remember" : false,
      "hideUnconstraintFeature" : false,
      "description" : null,
      "project_name" : "Panqura",
      "multi_value_mode" : "NONE",
      "link_mode" : "NONE",
      "link_type_name" : null,
      "link_type_role_feature_name" : null,
      "link_type_target_feature_name" : null,
      "traits" : "{\"multipleRows\":false,\"dynamicSize\":false,\"collapsedRows\":1,\"expandedRows\":1,\"editorType\":\"AUTO\",\"keyBindings\":[]}",
      "curatable" : true
    } ],
    "uiName" : "Question",
    "type" : "relation",
    "description" : "Question-relation between Answer and Context features in QuestionAnswering annotation layer.",
    "enabled" : true,
    "built_in" : false,
    "readonly" : false,
    "attach_type" : {
      "name" : "webanno.custom.QuestionAnswering"
    },
    "attach_feature" : null,
    "allow_stacking" : true,
    "cross_sentence" : true,
    "show_hover" : true,
    "anchoring_mode" : "TOKENS",
    "overlap_mode" : "ANY_OVERLAP",
    "validation_mode" : "ALWAYS",
    "lock_to_token_offset" : false,
    "multiple_tokens" : true,
    "project_name" : "Panqura",
    "linked_list_behavior" : false,
    "on_click_javascript_action" : null,
    "traits" : "{\"coloringRules\":{\"rules\":[]},\"renderArcs\":true}"
  }, {
    "name" : "webanno.custom.QuestionAnswering",
    "features" : [ {
      "name" : "Answer",
      "tag_set" : {
        "name" : "Answer Scope",
        "description" : null,
        "language" : null,
        "tags" : [ ],
        "create_tag" : false
      },
      "uiName" : "Answer",
      "type" : "uima.cas.String",
      "enabled" : true,
      "visible" : true,
      "include_in_hover" : false,
      "required" : false,
      "remember" : false,
      "hideUnconstraintFeature" : false,
      "description" : null,
      "project_name" : "Panqura",
      "multi_value_mode" : "NONE",
      "link_mode" : "NONE",
      "link_type_name" : null,
      "link_type_role_feature_name" : null,
      "link_type_target_feature_name" : null,
      "traits" : "{\"multipleRows\":false,\"dynamicSize\":false,\"collapsedRows\":1,\"expandedRows\":1,\"editorType\":\"AUTO\",\"keyBindings\":[]}",
      "curatable" : true
    } ],
    "uiName" : "QuestionAnswering",
    "type" : "span",
    "description" : null,
    "enabled" : true,
    "built_in" : false,
    "readonly" : false,
    "attach_type" : null,
    "attach_feature" : null,
    "allow_stacking" : true,
    "cross_sentence" : true,
    "show_hover" : true,
    "anchoring_mode" : "TOKENS",
    "overlap_mode" : "ANY_OVERLAP",
    "validation_mode" : "ALWAYS",
    "lock_to_token_offset" : false,
    "multiple_tokens" : true,
    "project_name" : "Panqura",
    "linked_list_behavior" : false,
    "on_click_javascript_action" : null,
    "traits" : "{\"coloringRules\":{\"rules\":[]}}"
  }, {
    "name" : "webanno.custom.Segment",
    "features" : [ {
      "name" : "Credibility",
      "tag_set" : {
        "name" : "credible",
        "description" : null,
        "language" : null,
        "tags" : [ ],
        "create_tag" : false
      },
      "uiName" : "Credibility",
      "type" : "uima.cas.String",
      "enabled" : true,
      "visible" : true,
      "include_in_hover" : false,
      "required" : false,
      "remember" : false,
      "hideUnconstraintFeature" : false,
      "description" : "It marks single segments as having either high or low credibility.",
      "project_name" : "Panqura",
      "multi_value_mode" : "NONE",
      "link_mode" : "NONE",
      "link_type_name" : null,
      "link_type_role_feature_name" : null,
      "link_type_target_feature_name" : null,
      "traits" : "{\"multipleRows\":false,\"dynamicSize\":false,\"collapsedRows\":1,\"expandedRows\":1,\"editorType\":\"AUTO\",\"keyBindings\":[]}",
      "curatable" : true
    }, {
      "name" : "PoliticalBias",
      "tag_set" : {
        "name" : "Political Bias",
        "description" : null,
        "language" : null,
        "tags" : [ ],
        "create_tag" : false
      },
      "uiName" : "Political Bias",
      "type" : "uima.cas.String",
      "enabled" : true,
      "visible" : true,
      "include_in_hover" : false,
      "required" : false,
      "remember" : false,
      "hideUnconstraintFeature" : false,
      "description" : "It marks single tokens as belonging to one of the 5 classes: \r\n    far-left\r\n    center-left\r\n    center\r\n    center-right\r\n    far-right",
      "project_name" : "Panqura",
      "multi_value_mode" : "NONE",
      "link_mode" : "NONE",
      "link_type_name" : null,
      "link_type_role_feature_name" : null,
      "link_type_target_feature_name" : null,
      "traits" : "{\"multipleRows\":false,\"dynamicSize\":false,\"collapsedRows\":1,\"expandedRows\":1,\"editorType\":\"AUTO\",\"keyBindings\":[]}",
      "curatable" : true
    } ],
    "uiName" : "Segment",
    "type" : "span",
    "description" : "It marks spans of characters as belonging to the same segment using unique identifiers.\r\n\r\nFeatures included in the layer:\r\nCredibility\r\nPolitical Bias",
    "enabled" : true,
    "built_in" : false,
    "readonly" : false,
    "attach_type" : null,
    "attach_feature" : null,
    "allow_stacking" : false,
    "cross_sentence" : true,
    "show_hover" : true,
    "anchoring_mode" : "TOKENS",
    "overlap_mode" : "NO_OVERLAP",
    "validation_mode" : "ALWAYS",
    "lock_to_token_offset" : false,
    "multiple_tokens" : true,
    "project_name" : "Panqura",
    "linked_list_behavior" : false,
    "on_click_javascript_action" : null,
    "traits" : "{\"coloringRules\":{\"rules\":[]}}"
  }, {
    "name" : "de.tudarmstadt.ukp.dkpro.core.api.semantics.type.SemArg",
    "features" : [ ],
    "uiName" : "SemArg",
    "type" : "span",
    "description" : null,
    "enabled" : true,
    "built_in" : true,
    "readonly" : false,
    "attach_type" : null,
    "attach_feature" : null,
    "allow_stacking" : true,
    "cross_sentence" : false,
    "show_hover" : true,
    "anchoring_mode" : "TOKENS",
    "overlap_mode" : "ANY_OVERLAP",
    "validation_mode" : "ALWAYS",
    "lock_to_token_offset" : false,
    "multiple_tokens" : true,
    "project_name" : "Panqura",
    "linked_list_behavior" : false,
    "on_click_javascript_action" : null,
    "traits" : null
  }, {
    "name" : "de.tudarmstadt.ukp.dkpro.core.api.semantics.type.SemPred",
    "features" : [ {
      "name" : "arguments",
      "tag_set" : null,
      "uiName" : "arguments",
      "type" : "de.tudarmstadt.ukp.dkpro.core.api.semantics.type.SemArg",
      "enabled" : true,
      "visible" : true,
      "include_in_hover" : false,
      "required" : false,
      "remember" : false,
      "hideUnconstraintFeature" : false,
      "description" : "Arguments of the semantic predicate",
      "project_name" : "Panqura",
      "multi_value_mode" : "ARRAY",
      "link_mode" : "WITH_ROLE",
      "link_type_name" : "de.tudarmstadt.ukp.dkpro.core.api.semantics.type.SemArgLink",
      "link_type_role_feature_name" : "role",
      "link_type_target_feature_name" : "target",
      "traits" : null,
      "curatable" : true
    }, {
      "name" : "category",
      "tag_set" : null,
      "uiName" : "category",
      "type" : "uima.cas.String",
      "enabled" : true,
      "visible" : true,
      "include_in_hover" : false,
      "required" : false,
      "remember" : false,
      "hideUnconstraintFeature" : false,
      "description" : "Category of the semantic predicate, e.g. the frame identifier.",
      "project_name" : "Panqura",
      "multi_value_mode" : "NONE",
      "link_mode" : "NONE",
      "link_type_name" : null,
      "link_type_role_feature_name" : null,
      "link_type_target_feature_name" : null,
      "traits" : null,
      "curatable" : true
    } ],
    "uiName" : "SemPred",
    "type" : "span",
    "description" : null,
    "enabled" : true,
    "built_in" : true,
    "readonly" : false,
    "attach_type" : null,
    "attach_feature" : null,
    "allow_stacking" : true,
    "cross_sentence" : false,
    "show_hover" : true,
    "anchoring_mode" : "TOKENS",
    "overlap_mode" : "ANY_OVERLAP",
    "validation_mode" : "ALWAYS",
    "lock_to_token_offset" : false,
    "multiple_tokens" : true,
    "project_name" : "Panqura",
    "linked_list_behavior" : false,
    "on_click_javascript_action" : null,
    "traits" : null
  }, {
    "name" : "de.tudarmstadt.ukp.dkpro.core.api.segmentation.type.Sentence",
    "features" : [ ],
    "uiName" : "Sentence",
    "type" : "span",
    "description" : null,
    "enabled" : true,
    "built_in" : true,
    "readonly" : true,
    "attach_type" : null,
    "attach_feature" : null,
    "allow_stacking" : false,
    "cross_sentence" : true,
    "show_hover" : true,
    "anchoring_mode" : "CHARACTERS",
    "overlap_mode" : "NO_OVERLAP",
    "validation_mode" : "NEVER",
    "lock_to_token_offset" : false,
    "multiple_tokens" : false,
    "project_name" : "Panqura",
    "linked_list_behavior" : false,
    "on_click_javascript_action" : null,
    "traits" : null
  }, {
    "name" : "webanno.custom.Sentiment",
    "features" : [ {
      "name" : "Polarity",
      "tag_set" : {
        "name" : "Polarity values",
        "description" : null,
        "language" : null,
        "tags" : [ ],
        "create_tag" : false
      },
      "uiName" : "Polarity",
      "type" : "uima.cas.String",
      "enabled" : true,
      "visible" : true,
      "include_in_hover" : false,
      "required" : false,
      "remember" : false,
      "hideUnconstraintFeature" : false,
      "description" : null,
      "project_name" : "Panqura",
      "multi_value_mode" : "NONE",
      "link_mode" : "NONE",
      "link_type_name" : null,
      "link_type_role_feature_name" : null,
      "link_type_target_feature_name" : null,
      "traits" : "{\"multipleRows\":false,\"dynamicSize\":false,\"collapsedRows\":1,\"expandedRows\":1,\"editorType\":\"AUTO\",\"keyBindings\":[]}",
      "curatable" : true
    } ],
    "uiName" : "Sentiment",
    "type" : "span",
    "description" : null,
    "enabled" : true,
    "built_in" : false,
    "readonly" : false,
    "attach_type" : null,
    "attach_feature" : null,
    "allow_stacking" : false,
    "cross_sentence" : false,
    "show_hover" : true,
    "anchoring_mode" : "TOKENS",
    "overlap_mode" : "NO_OVERLAP",
    "validation_mode" : "ALWAYS",
    "lock_to_token_offset" : false,
    "multiple_tokens" : true,
    "project_name" : "Panqura",
    "linked_list_behavior" : false,
    "on_click_javascript_action" : null,
    "traits" : "{\"coloringRules\":{\"rules\":[]}}"
  }, {
    "name" : "de.tudarmstadt.ukp.dkpro.core.api.segmentation.type.SurfaceForm",
    "features" : [ {
      "name" : "value",
      "tag_set" : null,
      "uiName" : "Form",
      "type" : "uima.cas.String",
      "enabled" : true,
      "visible" : true,
      "include_in_hover" : false,
      "required" : false,
      "remember" : false,
      "hideUnconstraintFeature" : false,
      "description" : "Original surface text",
      "project_name" : "Panqura",
      "multi_value_mode" : "NONE",
      "link_mode" : "NONE",
      "link_type_name" : null,
      "link_type_role_feature_name" : null,
      "link_type_target_feature_name" : null,
      "traits" : null,
      "curatable" : true
    } ],
    "uiName" : "Surface form",
    "type" : "span",
    "description" : null,
    "enabled" : true,
    "built_in" : true,
    "readonly" : false,
    "attach_type" : null,
    "attach_feature" : null,
    "allow_stacking" : false,
    "cross_sentence" : false,
    "show_hover" : true,
    "anchoring_mode" : "TOKENS",
    "overlap_mode" : "NO_OVERLAP",
    "validation_mode" : "ALWAYS",
    "lock_to_token_offset" : false,
    "multiple_tokens" : true,
    "project_name" : "Panqura",
    "linked_list_behavior" : false,
    "on_click_javascript_action" : null,
    "traits" : null
  }, {
    "name" : "de.tudarmstadt.ukp.dkpro.core.api.segmentation.type.Token",
    "features" : [ {
      "name" : "lemma",
      "tag_set" : null,
      "uiName" : "lemma",
      "type" : "de.tudarmstadt.ukp.dkpro.core.api.segmentation.type.Lemma",
      "enabled" : true,
      "visible" : true,
      "include_in_hover" : false,
      "required" : false,
      "remember" : false,
      "hideUnconstraintFeature" : false,
      "description" : null,
      "project_name" : "Panqura",
      "multi_value_mode" : "NONE",
      "link_mode" : "NONE",
      "link_type_name" : null,
      "link_type_role_feature_name" : null,
      "link_type_target_feature_name" : null,
      "traits" : null,
      "curatable" : true
    }, {
      "name" : "morph",
      "tag_set" : null,
      "uiName" : "morph",
      "type" : "de.tudarmstadt.ukp.dkpro.core.api.segmentation.type.Lemma",
      "enabled" : true,
      "visible" : true,
      "include_in_hover" : false,
      "required" : false,
      "remember" : false,
      "hideUnconstraintFeature" : false,
      "description" : null,
      "project_name" : "Panqura",
      "multi_value_mode" : "NONE",
      "link_mode" : "NONE",
      "link_type_name" : null,
      "link_type_role_feature_name" : null,
      "link_type_target_feature_name" : null,
      "traits" : null,
      "curatable" : true
    }, {
      "name" : "pos",
      "tag_set" : null,
      "uiName" : "pos",
      "type" : "de.tudarmstadt.ukp.dkpro.core.api.lexmorph.type.pos.POS",
      "enabled" : true,
      "visible" : true,
      "include_in_hover" : false,
      "required" : false,
      "remember" : false,
      "hideUnconstraintFeature" : false,
      "description" : null,
      "project_name" : "Panqura",
      "multi_value_mode" : "NONE",
      "link_mode" : "NONE",
      "link_type_name" : null,
      "link_type_role_feature_name" : null,
      "link_type_target_feature_name" : null,
      "traits" : null,
      "curatable" : true
    } ],
    "uiName" : "Token",
    "type" : "span",
    "description" : null,
    "enabled" : true,
    "built_in" : true,
    "readonly" : true,
    "attach_type" : null,
    "attach_feature" : null,
    "allow_stacking" : false,
    "cross_sentence" : false,
    "show_hover" : true,
    "anchoring_mode" : "CHARACTERS",
    "overlap_mode" : "NO_OVERLAP",
    "validation_mode" : "NEVER",
    "lock_to_token_offset" : false,
    "multiple_tokens" : false,
    "project_name" : "Panqura",
    "linked_list_behavior" : false,
    "on_click_javascript_action" : null,
    "traits" : null
  } ],
  "disableExport" : false,
  "script_direction" : "LTR",
  "created" : 1643624610428,
  "updated" : 1646907404757,
  "anonymous_curation" : false,
  "default-preferences" : [ ],
  "knowledge_bases" : [ {
    "additional_matching_properties" : [ ],
    "base_prefix" : "http://www.w3.org/ns/org#",
    "class_iri" : "http://www.w3.org/2000/01/rdf-schema#Class",
    "default_dataset_iri" : null,
    "default_language" : "en",
    "description_iri" : "http://www.w3.org/2000/01/rdf-schema#comment",
    "enabled" : true,
    "full_text_search_iri" : "http://www.openrdf.org/contrib/lucenesail#matches",
    "id" : "pid-5-kbid-3",
    "label_iri" : "http://www.w3.org/2000/01/rdf-schema#label",
    "max_results" : 1000,
    "name" : "The Organization Ontology",
    "property_description_iri" : "http://www.w3.org/2000/01/rdf-schema#comment",
    "property_label_iri" : "http://www.w3.org/2000/01/rdf-schema#label",
    "property_type_iri" : "http://www.w3.org/1999/02/22-rdf-syntax-ns#Property",
    "read_only" : false,
    "reification" : "NONE",
    "remote_url" : null,
    "root_concepts" : [ ],
    "sub_Property_IRI" : "http://www.w3.org/2000/01/rdf-schema#subPropertyOf",
    "subclass_iri" : "http://www.w3.org/2000/01/rdf-schema#subClassOf",
    "support_concept_linking" : true,
    "type" : "LOCAL",
    "type_iri" : "http://www.w3.org/1999/02/22-rdf-syntax-ns#type"
  }, {
    "additional_matching_properties" : [ "http://www.wikidata.org/entity/p21" ],
    "base_prefix" : "http://www.ukp.informatik.tu-darmstadt.de/inception/1.0#",
    "class_iri" : "http://www.wikidata.org/entity/Q35120",
    "default_dataset_iri" : null,
    "default_language" : "en",
    "description_iri" : "http://schema.org/description",
    "enabled" : true,
    "full_text_search_iri" : "https://www.mediawiki.org/ontology#API/search",
    "id" : "pid-5-kbid-4",
    "label_iri" : "http://www.w3.org/2000/01/rdf-schema#label",
    "max_results" : 1000,
    "name" : "wikidata",
    "property_description_iri" : "http://www.w3.org/2000/01/rdf-schema#comment",
    "property_label_iri" : "http://www.w3.org/2000/01/rdf-schema#label",
    "property_type_iri" : "http://www.wikidata.org/entity/Q18616576",
    "read_only" : true,
    "reification" : "NONE",
    "remote_url" : "https://query.wikidata.org/sparql",
    "root_concepts" : [ "http://www.wikidata.org/entity/Q35120" ],
    "sub_Property_IRI" : "http://www.wikidata.org/prop/direct/P1647",
    "subclass_iri" : "http://www.wikidata.org/prop/direct/P279",
    "support_concept_linking" : true,
    "type" : "REMOTE",
    "type_iri" : "http://www.wikidata.org/prop/direct/P31"
  } ],
  "external_search" : [ ],
  "curation_workflow" : {
    "id" : 4,
    "project" : {
      "id" : 5,
      "name" : "Panqura",
      "slug" : "panqura",
      "description" : "Sample data annotation for the Panqura project.",
      "mode" : "annotation",
      "version" : 1,
      "disableExport" : false,
      "scriptDirection" : "LTR",
      "created" : 1643624610428,
      "updated" : 1646907404757,
      "state" : "ANNOTATION_IN_PROGRESS",
      "anonymousCuration" : false
    },
    "mergeStrategy" : "completeAgreementNonStacked",
    "mergeStrategyTraits" : null
  },
  "project_users" : [ ],
  "recommenders" : [ {
    "alwaysSelected" : false,
    "enabled" : true,
    "feature" : "coarseValue",
    "layerName" : "de.tudarmstadt.ukp.dkpro.core.api.lexmorph.type.pos.POS",
    "maxRecommendations" : 3,
    "name" : "[Part of speech@UPOS] Remote classifier",
    "skipEvaluation" : false,
    "statesIgnoredForTraining" : [ ],
    "threshold" : 0.0,
    "tool" : "de.tudarmstadt.ukp.inception.recommendation.imls.external.ExternalClassificationTool",
    "traits" : "{\"remoteUrl\":\"http://192.168.0.3:5000/spacy_pos\",\"trainable\":false}"
  }, {
    "alwaysSelected" : false,
    "enabled" : true,
    "feature" : "coarseValue",
    "layerName" : "de.tudarmstadt.ukp.dkpro.core.api.lexmorph.type.pos.POS",
    "maxRecommendations" : 3,
    "name" : "[Part of speech@UPOS] Token Sequence Classifier (OpenNLP POS)",
    "skipEvaluation" : false,
    "statesIgnoredForTraining" : [ ],
    "threshold" : 0.0,
    "tool" : "de.tudarmstadt.ukp.inception.recommendation.imls.opennlp.pos.OpenNlpPosClassificationTool",
    "traits" : "{\"trainingSetSizeLimit\":2147483647,\"predictionLimit\":2147483647,\"numThreads\":1,\"taggedTokensThreshold\":75.0}"
  }, {
    "alwaysSelected" : false,
    "enabled" : true,
    "feature" : "PosValue",
    "layerName" : "de.tudarmstadt.ukp.dkpro.core.api.lexmorph.type.pos.POS",
    "maxRecommendations" : 3,
    "name" : "[Part of speech@XPOS] Token Sequence Classifier (OpenNLP POS)",
    "skipEvaluation" : false,
    "statesIgnoredForTraining" : [ ],
    "threshold" : 0.0,
    "tool" : "de.tudarmstadt.ukp.inception.recommendation.imls.opennlp.pos.OpenNlpPosClassificationTool",
    "traits" : "{\"trainingSetSizeLimit\":2147483647,\"predictionLimit\":2147483647,\"numThreads\":1,\"taggedTokensThreshold\":75.0}"
  } ],
  "gazeteers" : [ ]
}